business_name,contractor_license_number,contractor_license_type_code_desc,address1,address2,city,state,zip,phone_number,primary_principal_name,website_url,mailer_category,business_description,services_offered,confidence_score,website_confidence,classification_confidence,residential_focus,processing_status,review_status,last_processed,reviewed_at,created_at
3 BRIDGES ELECTRIC,3BRIDBE787LA,ELECTRICAL CONTRACTOR,1509 PROSPECT ST,,TACOMA,WA,98406,(253) 590-8973,"HUFF, DAVID J",https://3bridgeselectric.com,Electrical,"3 Bridges Electric is a family-owned electrical contractor based in Tacoma, WA, providing high-quality electrical services to both residential and commercial clients with a focus on safety, efficiency, and sustainability.","Electrical Repair & Remodel, Commercial Tenant Improvements, Panel Changes & Service Upgrades, Indoor & Outdoor Lighting, EV Charging Station Installation, Hot Tub Wiring, Electrical Troubleshooting, Emergency Back-Up Power, Knob & Tube Replacement",1.00,,1.00,,completed,approved_download,2025-07-24 04:44:08.419006,,2025-07-22 23:37:37.197793
3 BROTHERS DECKING LLC,3BROTBD817J6,CONSTRUCTION CONTRACTOR,17048 se 65th pl,,Bellevue,WA,98006,(206) 775-4897,"Nestor, Anthony Steven M",https://3brothersdecking.com,Decking,3 Brothers Decking is a family-owned deck builder and home improvement contractor specializing in custom deck designs and high-quality materials in Washington and North Idaho.,"Deck Construction and Installation, Patio Covers & Roof Extensions, Custom Deck Railing Systems, Deck Lighting & Finishing Touches",1.00,,1.00,,completed,approved_download,2025-07-24 04:44:04.527305,,2025-07-22 23:37:37.197793
3 COATS PAINTING,3COATCP770QW,CONSTRUCTION CONTRACTOR,15600 NE 8TH ST,SUITE B1 #101,BELLEVUE,WA,98008,(425) 802-8203,"GONZALEZ TAMEZ, CARLOS",https://3coatspainting.com,Painting,"3 Coats Painting offers professional quality home painting services in Seattle, specializing in both interior and exterior painting.","Exterior Painting, Interior Painting, Doors & Windows Painting, Kitchen Cabinets Painting, Woodwork Painting, Pressure Washing",0.90,,0.90,,completed,approved_download,2025-07-24 04:44:14.748296,,2025-07-22 23:37:37.197793
3 KINGS ENVIRONMENTAL INC,3KINGEI036K3,CONSTRUCTION CONTRACTOR,PO BOX 280,,BATTLE GROUND,WA,98604,(360) 666-5464,"KING, RONALD L",https://3kingsenvironmental.com,Environmental,"3 Kings Environmental is a company focused on providing high-quality environmental construction services in Washington and Oregon, specializing in abatement, remediation, and demolition.","Residential Abatement, Residential Environmental, Residential Remediation, Residential USTs/HOTs, Commercial Asbestos Removal, Commercial Demolition, Commercial Environmental Assessment Services, Commercial Excavation Services, Commercial Environmental Remediation",0.90,,0.90,,completed,approved_download,2025-07-24 04:44:31.814568,,2025-07-22 23:37:37.197793
3 Little Pigs Masonry LLC,3LITTLP906J3,CONSTRUCTION CONTRACTOR,15 Covington Court,,SEQUIM,WA,98382,(206) 326-8418,"Peterson, Jason E",https://3littlepigsmasonry.com,Masonry,"3 Little Pigs Masonry LLC is a premier masonry contractor in Sequim, WA, specializing in stone, block, and brick work, including custom masonry restoration and construction for residential and commercial properties.","Stone Carving & Inlay, CMU, Stone & Brick Walls, Paver Driveways, Fireplaces & Chimneys, Restoration & Repair, Patios, Outdoor Kitchens, Walkways, Steps & Stairs",1.00,,1.00,,completed,approved_download,2025-07-24 04:44:38.017980,,2025-07-22 23:37:37.197793
3 RIVERS HOME SERVICES LLC,3RIVEHS755CC,CONSTRUCTION CONTRACTOR,2401 NE 78TH CT,,VANCOUVER,WA,98664,(360) 773-0769,"SAWYER, JUSTIN GRANT",https://3rivershomeservices.com,Handyman,"3 Rivers Home Services LLC is a Vancouver, WA-based home services company specializing in a wide range of home repair services including decks, siding, fences, windows, doors, and more.","Decks, Siding, Fences, Windows, Doors, Permanent Lighting, Water Damage Repair, Flooring, Painting",0.90,,0.90,,completed,approved_download,2025-07-24 04:44:45.032418,,2025-07-22 23:37:37.197793
345 CONSTRUCTION & FLOORING CO,345COCF826CE,CONSTRUCTION CONTRACTOR,15405 Manor way,,Lynnwood,WA,98087,(425) 879-7646,"RIGDON, STEPHEN JOSEPH",https://www.procore.com/network/p/345-construction-and-flooring-co-lynnwood,Flooring,"345 Construction and Flooring Co is a contractor based in Lynnwood, WA, specializing in various flooring solutions including resilient flooring, wood flooring, and ceramic tiling.","Resilient Flooring, Wood Flooring, Ceramic Tiling, Fluid Applied Flooring, Carpeting, Flooring Treatment",0.81,0.75,0.90,,completed,approved_download,2025-07-24 04:45:11.881619,,2025-07-22 23:37:37.197793
360 Dirt Works LLC,360DIDW835NJ,CONSTRUCTION CONTRACTOR,2210 W Main St Ste 107 PMB330,,BATTLE GROUND,WA,98604,(360) 624-1676,"Bessette, Vickie Lou",https://www.roadrunnerpavingllc.com/,Excavation,"360 Dirt Works LLC is a family-operated excavation company specializing in site preparation, RV pads, and road construction, serving Cowlitz and Clark County, Washington.","Excavation, Site Preparation, Dirt Delivery, Gravel Delivery, Dozer Work, Paving",0.81,0.75,0.90,,completed,approved_download,2025-07-24 04:45:38.611971,,2025-07-22 23:37:37.197793
360 FLOORS & DESIGN LLC,360FLFD818D1,CONSTRUCTION CONTRACTOR,2906 E ST,,WASHOUGAL,WA,98671,(360) 335-0700,"LINDBERG, RACHEL SILVER",https://www.360floorsdesign.com/,Flooring,"360 Floors and Design is a family-owned flooring store in Washougal, WA, offering a wide range of flooring products and installation services for residential customers.","Flooring sales, Flooring installation, Custom shower construction, Flooring samples",0.85,0.75,1.00,,completed,approved_download,2025-07-24 04:45:34.501558,,2025-07-22 23:37:37.197793
3HJ CONTRACTING LLC,3HJCOCL776O1,CONSTRUCTION CONTRACTOR,26409 SE 31ST ST,,SAMMAMISH,WA,98075,(425) 281-1030,"FELIX, JOSEPH DANIEL",https://3hjcontracting.com,Handyman,"3HJ Contracting LLC specializes in turning dream homes into reality with a focus on residential repairs, remodels, and additions, emphasizing superior craftsmanship and exceptional customer service.","Kitchen Remodels, Bathroom Remodels, Decks, Pergolas, Fences, Handyman Services, Flooring, Doors, Windows, Siding",0.90,,0.90,,completed,approved_download,2025-07-24 04:46:29.395534,,2025-07-22 23:37:37.197793
3MICHAEL'S EXVTNG & LNDSCP LLC,3MICHEL811OT,CONSTRUCTION CONTRACTOR,14492 CHERRY CREEK PL SW,,PORT ORCHARD,WA,98367,(206) 554-9380,"WELSH, MICHAEL TERRANCE",https://3michaels.com,Kitchen & Bath,"3Michael's Exvting & Lnscp LLC specializes in high-quality construction, remodeling, and renovation services, focusing on kitchen and bathroom remodels, patio construction, flooring, and custom carpentry.","Kitchen Remodeling, Bathroom Remodeling, Patio Construction, Flooring Installation, Custom Carpentry, Commercial Construction, Painting Services",0.90,,0.90,,completed,approved_download,2025-07-24 04:46:40.727321,,2025-07-22 23:37:37.197793
4 ACES RESTORATION LLC,4ACESAR838DF,CONSTRUCTION CONTRACTOR,2003 S 216TH AVE,,DES MOINES,WA,98198,(206) 335-9409,"Guillen Torres, Oscar",https://4acesrestoration.com,Asbestos Removal,"4 Aces Restoration specializes in asbestos removal, demolition, and restoration services, serving the SeaTac and Tacoma areas.","Asbestos removal, Asbestos testing, Water restoration, Mold remediation, Demolition services, Lead abatement, Insulation services, Crime scene cleanup",0.90,,0.90,,completed,approved_download,2025-07-24 04:47:11.552419,,2025-07-22 23:37:37.197793
4 GEN CONTRACTORS LLC,4GENCGC761DH,CONSTRUCTION CONTRACTOR,23710 NE STATE RTE 3,UNIT A,BELFAIR,WA,98528,(360) 649-5386,"LINCOLN, CHRISTOPHER THOMAS",https://business.kitsapbuilds.com/list/member/4-gen-contractors-llc-41480,Excavation,"4 Gen Contractors LLC specializes in custom homes, full remodels, shoreline protection, decks, hardscapes, and excavation services across Mason, Kitsap, and Pierce Counties, WA.","Bulkhead & Retaining Wall, Basement/Crawlspace Waterproofing, New Construction, Carpentry/Finish Work, Concrete/Construction, Excavation Services/Land Clearing/Site Preparation, Remodeling (Commercial & Residential), Restoration/Preservation",0.81,0.75,0.90,,completed,approved_download,2025-07-24 04:47:21.755883,,2025-07-22 23:37:37.197793
4 SEASONS EXTERIORS LLC,4SEASSE805BM,CONSTRUCTION CONTRACTOR,20537 SE 272nd St,,KENT,WA,98042,(253) 736-4578,"Mejia Aguas, Benjamin",https://www.instantroofer.com/washington-roof-replacement-cost/kent/,Siding,"4 Seasons Exteriors is a family-owned business dedicated to transforming homes in Kent, Washington, focusing on quality craftsmanship in siding and other exterior services.","Siding installation, Siding repair, Concrete work, Patios, Sidewalks, Foundations",0.81,0.75,0.90,,completed,approved_download,2025-07-24 04:47:40.278100,,2025-07-22 23:37:37.197793
4 SIGHT SEPTIC INC,4SIGHSS933DA,CONSTRUCTION CONTRACTOR,12055 BANNER RD SE,,OLALLA,WA,98359,(360) 710-0296,"LEA, NATHANAEL E",https://4sightseptic.com,Plumbing,"4 Sight Septic Inc is a family-owned business specializing in septic system services, including maintenance, repairs, and inspections, with over 12 years of experience in the Olalla, WA area.","Septic Maintenance, Septic Repairs, Pre-Sale Septic Inspections, Drain Field Camera Scoping",0.90,,0.90,,completed,approved_download,2025-07-24 04:48:22.899743,,2025-07-22 23:37:37.197793
4EVERGREEN FABRICATORS LLC,4EVERFL925K9,CONSTRUCTION CONTRACTOR,1402 LAKE TAPPS PKWY E,,AUBURN,WA,98092,(253) 691-6752,"HANSEN, TRAVIS JASON",https://4evergreenfabricators.com,Kitchen & Bath,"4EVERGREEN FABRICATORS LLC specializes in custom fabrication and installation of granite, quartz, and other natural stone countertops for residential and commercial properties.","Custom countertop design, Granite countertop fabrication, Quartz countertop installation, Marble countertop services, Eco-friendly countertop options",1.00,,1.00,,completed,approved_download,2025-07-24 04:49:08.263103,,2025-07-22 23:37:37.330647
4PROS WATER DAMAGE LLC,4PROSWD752KB,CONSTRUCTION CONTRACTOR,PO BOX 3041,,FEDERAL WAY,WA,98063,(206) 295-1461,"SALGADO, JUAN ORLANDO",https://4proswaterdamage.com,Water Damage Restoration,"4Pros Water Damage LLC provides 24/7 emergency disaster restoration services, specializing in water damage restoration, fire and smoke damage restoration, mold removal, and sewage cleanup.","Water Damage Restoration, Fire & Smoke Damage Restoration, Mold Removal & Remediation, Sewage Cleanup, Crawlspace Cleaning, Biohazard Cleanup",1.00,,1.00,,completed,approved_download,2025-07-24 04:49:24.057183,,2025-07-22 23:37:37.330647
5 CORNERS PLUMBING LLC,5CORNCP792NG,PLUMBING CONTRACTOR,9307 NE 140th ST,,KIRKLAND,WA,98034,(206) 508-7972,"FUJII, KENJI",https://5cornersplumbing.com/,Plumbing,"5 Corners Plumbing LLC provides expert plumbing services in Kirkland, WA, focusing on integrity, craftsmanship, and customer satisfaction.","Bathroom Remodeling, Water Repiping, Shower Replacement, Toilet Replacement, Sink Installation, Faucet Installation, Garbage Disposal Installation",0.85,0.75,1.00,,completed,approved_download,2025-07-24 04:49:36.736099,,2025-07-22 23:37:37.330647
5 STAR NW CONSTRUCTION LLC,5STARSN761L8,CONSTRUCTION CONTRACTOR,10605 SE 240TH ST,,KENT,WA,98031,(253) 397-9471,"YONKO, SAL JOSEPH",https://5starnwconstruction.com,Concrete,"5 Star NW Construction specializes in residential and commercial asphalt maintenance, including sealcoating, paving, pothole repair, crack filling, and parking lot striping.","Asphalt Paving, Asphalt Sealcoating, Pothole Repair, Crack Filling, Parking Lot Striping",0.90,,0.90,,completed,approved_download,2025-07-24 04:49:57.947889,,2025-07-22 23:37:37.330647
A & A MASONRY & CONSTRUCTION,AAMASC*022PE,CONSTRUCTION CONTRACTOR,37629 51ST AVE S,,AUBURN,WA,98001,(253) 939-3729,"ARNDT, LESTER DEAN",https://aamasonryconstruction.com,Masonry,"A&A Masonry & Construction specializes in masonry services with a focus on chimney repair, boasting over 30 years of experience.","Masonry, Chimney Repair, Restoration",0.90,,0.90,,completed,approved_download,2025-07-24 04:51:48.428272,,2025-07-22 23:37:37.330647
A & B FABRICATORS INC,BFABRBF946L6,CONSTRUCTION CONTRACTOR,231 D STREET NW,,AUBURN,WA,98001,(206) 763-2600,"THOMAS, TROY MICHAEL",https://abfabricators.com/,Metal Fabrication,"A & B Fabricators, Inc. specializes in custom metal fabrications, including stair guardrails, handrails, and decorative metals, with a strong focus on design and project management.","Custom Metal Fabrication, Design Assistance, Project Management, Installation of Metal Components, Quality Control",0.81,0.75,0.90,,completed,approved_download,2025-07-24 04:52:06.347132,,2025-07-22 23:37:37.330647
A & J WA TREE SERVICES LLC,JWATRJW767M5,CONSTRUCTION CONTRACTOR,3713 S 257TH ST,,KENT,WA,98032,(206) 476-9259,"REYES RODRIGUEZ, ANTONIO DAVID",https://ajwatreeservices.com,Landscaping,"A&J WA Tree Services offers expert tree care, removal, and maintenance in Des Moines, WA, with a commitment to safety and customer satisfaction.","Tree Removal, Tree Trimming, Stump Removal, Fall Clean Up, Shrub Trimming, Mulch Installation",1.00,,1.00,,completed,approved_download,2025-07-24 04:53:01.702679,,2025-07-22 23:37:37.330647
A A ANDERSON CO,AAANDC*385BA,ELECTRICAL CONTRACTOR,1409 FOREST ST,,BELLINGHAM,WA,98225,(360) 734-7710,"WENDLING, SHARON A",https://www.whatcomlocal.com/l/wa/heating-contractors,Electrical,"A A Anderson Co is a full-service electrical contractor based in Bellingham, WA, providing both residential and commercial electrical services, as well as HVAC solutions.","Electrical installations, Service calls, Sheet metal fabrication, HVAC services",0.81,0.75,0.90,,completed,approved_download,2025-07-24 04:53:59.979167,,2025-07-22 23:37:37.330647
A A ANDERSON CO INC,AAANDCI131LT,CONSTRUCTION CONTRACTOR,1409 N FOREST ST,,BELLINGHAM,WA,98225,(360) 734-7710,"WENDLING, SHARON ANN",https://www.whatcomlocal.com/l/wa/heating-contractors,HVAC,"A A Anderson Co Inc is a family-owned and operated business specializing in HVAC and electrical services for both residential and commercial clients in Bellingham, WA.","Heating installation and repair, Air conditioning installation and repair, Sheet metal fabrication, Service calls",0.81,0.75,0.90,,completed,approved_download,2025-07-24 04:53:56.902285,,2025-07-22 23:37:37.330647
A B PLUMBING LLC,BPLUMBP761OE,CONSTRUCTION CONTRACTOR,P.O. Box 647,,MCKENNA,WA,98558,(360) 481-5520,"BOSTWICK, ANDREW M",http://www.ezwaterheater.com/states/wa/plumbersWA.html,Plumbing,"A B Plumbing LLC is a plumbing contractor based in McKenna, WA, providing various plumbing services.","Residential plumbing, Drain cleaning, Pipe installation and repair, Leak detection and repair",0.81,0.75,0.90,,completed,approved_download,2025-07-24 04:54:31.659656,,2025-07-22 23:37:37.330647
A BETTER ROOFING COMPANY INC,BETTERC052DT,CONSTRUCTION CONTRACTOR,4126 AIRPORT WAY S,,SEATTLE,WA,98108,(206) 935-1575,"MACMILLAN, SCOTT ALLEN",https://westseattle.wschamber.com/list/member/a-better-roofing-company-inc-592,Roofing,"A Better Roofing Company, Inc is a family-owned roofing contractor based in Seattle, specializing in residential roof replacement and installation.","Roof Replacement, Roof Installation, Roof Repair",0.81,0.75,0.90,,completed,approved_download,2025-07-24 04:54:52.368407,,2025-07-22 23:37:37.330647
A Better Crawl INC,BETTEBC914CD,CONSTRUCTION CONTRACTOR,6610 Kitsap Way,Ste. 101,BREMERTON,WA,98312,(360) 434-4222,"Baird, Melvin VAILE",https://www.abettercrawlinc.com/,Basement Waterproofing,"A Better Crawl, Inc. specializes in crawlspace and basement repair services, providing affordable permanent solutions to common problems such as moisture, mildew, and structural issues.","Crawlspace Encapsulation, Basement Waterproofing, Cleanup & Restoration, Water Mitigation, Attic Insulation",0.85,0.75,1.00,,completed,approved_download,2025-07-24 04:54:37.256882,,2025-07-22 23:37:37.330647
A C MOATE INDUSTRIES INC,ACMOAII965D2,CONSTRUCTION CONTRACTOR,2118 A STREET SE,,Auburn,WA,98002,(253) 887-9501,"MOATE, ALEJANDRA CAMACHO",https://www.acmoate.com/contact/,Concrete,"A.C. Moate Industries Inc. is a full-service parking lot construction and maintenance company specializing in asphalt paving, sealcoating, and repairs.","Asphalt Paving, Sealcoating, Crack Filling, Pothole Repairs, Striping, Curb Installation, Concrete Slab Installation, Sweeping Services, Winter Services",0.81,0.75,0.90,,completed,approved_download,2025-07-24 04:54:55.812698,,2025-07-22 23:37:37.330647
A D MASTER CONSTRUCTION LLC,ADMASMC771RR,CONSTRUCTION CONTRACTOR,5407 VILLAGE PARK DR SE,APT 3214,BELLEVUE,WA,98006,(206) 960-1898,"APONCHUK, DMYTRO",https://admasterconstruction.com,Remodeling,"A.D.Master Construction LLC specializes in all stages of construction and remodeling, offering a full range of services for both exterior and interior work on homes.","Complete Kitchen Renovation, Complete Bathroom Renovation, Drywall, Flooring, Roofing, Siding, Decks, Doors & Windows, Painting, Framing",0.90,,0.90,,completed,approved_download,2025-07-24 04:55:26.223566,,2025-07-22 23:37:37.330647
A DESIGN STUDIO SEATTLE,DESIGDS802CK,CONSTRUCTION CONTRACTOR,PO Box 496,,Snohomish,WA,98291,(360) 929-3077,"MUELLER, GRACIA ANN",https://adesignstudioseattle.com,Signage,"A Design Studio Seattle specializes in signage design, brand identity, and wayfinding solutions.","Signage Design, Brand Implementation, Wayfinding Solutions, ADA Signage, Graphic Design, Project Management",0.90,,0.90,,completed,approved_download,2025-07-24 04:55:32.612292,,2025-07-22 23:37:37.330647
A DESIGN STUDIO SEATTLE,DESIGDS782CP,ELECTRICAL CONTRACTOR,PO BOX 496,,SNOHOMISH,WA,982910496,(360) 929-3077,"MUELLER, GRACIA",https://adesignstudioseattle.com,Electrical,"A Design Studio Seattle specializes in signage design, including wayfinding, brand identity, and ADA signage, serving a variety of clients from local businesses to national development groups.","Signage Design, Wayfinding, ADA Signage, Brand Identity, Project Management, Fabrication, Installation",0.90,,0.90,,completed,approved_download,2025-07-24 04:55:35.604876,,2025-07-22 23:37:37.330647
A GLASS ENTERPRISE INC,GLASSEI936C6,CONSTRUCTION CONTRACTOR,212 SOUTH TOWER,,CENTRALIA,WA,98531,(360) 736-1141,"IVIE, CURTIS JAMES",https://www.aglassenterprise.com/,Auto Glass,"A Glass Enterprise Inc is a family-owned glass service provider in Centralia, WA, offering a wide range of glass sales, installations, and services for residential and commercial clients.","Glass sales, Glass installations, Auto glass services, Shower doors and mirrors, Windows and doors, Heavy equipment glass services, Emergency glass services",0.81,0.75,0.90,,completed,approved_download,2025-07-24 04:56:00.607904,,2025-07-22 23:37:37.330647
A MILLICAN CRANE SERVICE INC,MILLICS934C2,CONSTRUCTION CONTRACTOR,180 NW Beaver Ridge Ln,,POULSBO,WA,98370,(360) 779-6723,"MILLICAN, ANDREW",https://www.millicancrane.com/contact-us/,Crane Service,"Millican Crane Service provides reliable crane and heavy-duty truck rentals in the Pacific Northwest, focusing on safety and customer satisfaction since 1997.","Crane rental, Truck rental, Diesel engine repair, Heavy equipment maintenance",0.81,0.75,0.90,,completed,approved_download,2025-07-24 04:56:57.386420,,2025-07-22 23:37:37.460889
A NEFF IS ENOUGH LLC,ANEFFIE809CE,CONSTRUCTION CONTRACTOR,17602 Dusty Court SW,,TENINO,WA,98589,(360) 269-2989,"Neff, Johan A",https://aneffisenough.com,Handyman,"A Neff is Enough provides fast, friendly home improvement and repair services in Olympia, Lacey, and all of Thurston County.","General contracting, Fire and flood damage restoration, Kitchen and bath remodeling, New construction",1.00,,1.00,,completed,approved_download,2025-07-24 04:57:20.827998,,2025-07-22 23:37:37.460889
A NU LOOK REMODELING LLC,NULOONL874N8,CONSTRUCTION CONTRACTOR,12010 116TH AVE CT E,,PUYALLUP,WA,98374,(253) 208-6871,"YATES, VERNE STEVEN",https://anulookremodeling.com,Kitchen & Bath,"A Nu Look Remodeling specializes in home remodeling projects, including kitchen and bathroom renovations, with a focus on quality workmanship and customer satisfaction.","Kitchen Remodeling, Bathroom Remodeling, Room Additions, Custom Deck Construction, Home Accessibility Remodeling",0.90,,0.90,,completed,approved_download,2025-07-24 04:57:24.526311,,2025-07-22 23:37:37.460889
A ROOFING,ROOFIR*764KM,CONSTRUCTION CONTRACTOR,12300 N.E. WOODINVILLE DR.,,WOODINVILLE,WA,98072,(425) 867-9643,"RUBIN, TRACIE RENEE",https://aroofing.us/,Roofing,"A Roofing has been providing quality roofing, skylights, and gutter services to residents throughout Washington for over 40 years.","Roof installation, Roof repair, Skylight installation, Gutter installation and replacement",0.85,0.75,1.00,,completed,approved_download,2025-07-24 04:58:19.204944,,2025-07-22 23:37:37.460889
A Rightway Painting LLC,RIGHTRP892OL,CONSTRUCTION CONTRACTOR,1123 Wright Rd Se,,TENINO,WA,98589,(360) 464-8591,"Slinkard, Christian Andrew",https://www.procore.com/network/p/a-rightway-painting-tenino,Painting,"A Rightway Painting LLC is a contractor based in Tenino, WA, specializing in interior and exterior painting services for residential and commercial clients.","Interior painting, Exterior painting, House trimming, Fence installation",0.81,0.75,0.90,,completed,approved_download,2025-07-24 04:58:23.465505,,2025-07-22 23:37:37.460889
A WESCO SEPTIC SERVICE INC,AWESCSS997RG,CONSTRUCTION CONTRACTOR,16607 SR 9 SE,,SNOHOMISH,WA,98296,(360) 668-6561,"BUNT, LEWIS",https://www.awescoseptic.com/,Plumbing,"A Wesco Septic is a second-generation family-owned and operated septic services business proudly serving Snohomish County, King County, and Camano Island.","Septic Tank Pumping, Septic Inspection, Septic Repairs and Maintenance",0.85,0.75,1.00,,completed,approved_download,2025-07-24 04:59:26.585069,,2025-07-22 23:37:37.460889
A YOUR TOWN CHIMNEY INC,AYOURTC021OT,CONSTRUCTION CONTRACTOR,2126 E St,,Washougal,WA,98671,(360) 835-1366,"DILLEY, DANIEL HUGH",https://ayourtownchimney.com,Chimney Services,"A Your Town Chimney Inc offers affordable chimney cleaning, sweep services, and stove installations in the Vancouver, WA area, ensuring safety and functionality for homeowners.","Chimney Cleaning, Chimney Sweep, Gas Fireplace Repair, Wood Stove Installation and Repair, Pellet Stove Installation and Repair, Chimney Inspections, Dryer Vent Cleaning",1.00,,1.00,,completed,approved_download,2025-07-24 04:59:38.640617,,2025-07-22 23:37:37.460889
A&D PRO PAINTING LLC,DPROPPP762C9,CONSTRUCTION CONTRACTOR,1807 SHAW RD,,PUYALLUP,WA,98372,(253) 355-7178,"ROMERO CRUZ, MARIANA",https://adpropainting.com,Painting,"A&D Pro Painting offers expert painting, drywall, and carpentry services for homeowners in Puyallup, Tacoma, Bonney Lake, and nearby areas.","Interior House Painting, Exterior House Painting, Drywall Repair, Deck and Fence Staining, Custom Carpentry Work",1.00,,1.00,,completed,approved_download,2025-07-24 05:00:12.883208,,2025-07-22 23:37:37.460889
A&E SIDING LLC,ESIDISL848KO,CONSTRUCTION CONTRACTOR,6904 165th Street Ct E,,Puyallup,WA,98375,(253) 888-0236,"German, Aleksandr Pavlovich",https://aesiding.com,Siding,"A&E Siding LLC is a family-owned siding company based in Puyallup, WA, specializing in residential and commercial siding installation and repair. They focus on high-quality craftsmanship and exceptional customer service.","New Construction Siding, Siding Replacement, ColorPlusÂ® Technology Siding Solutions",1.00,,1.00,,completed,approved_download,2025-07-24 05:00:19.970048,,2025-07-22 23:37:37.460889
A&F CONCRETE LLC,FCONCCL767JS,CONSTRUCTION CONTRACTOR,2321 CHESNEY RD E,,TACOMA,WA,98445,(253) 302-6382,"VALENCIA RAMOS, FERNANDO",https://www.anfconcrete24.com/,Concrete,"A&F Concrete is a leading concrete construction company in Tacoma, WA, specializing in flat work and committed to customer satisfaction.","Concrete Floor Installation, Concrete Steps Design and Build, Concrete Sidewalks and Paths",0.83,0.75,0.95,,completed,approved_download,2025-07-24 05:00:15.980297,,2025-07-22 23:37:37.460889
A&G ACTIVE INSULATION LLC,AGACTAI814QH,CONSTRUCTION CONTRACTOR,6611 WORLINE RD,,BOW,WA,98232,(360) 982-9100,"CHAVELAS GARCIA, GABRIEL",https://agactiveinsulation.com,Insulation,"A&G Active Insulation is a family-owned insulation business in Skagit County, specializing in energy-efficient insulation solutions for homes.","Attic Insulation, Wall Insulation, Crawl Space Insulation, Soundproofing, Air & Duct Seals, Rodent Exclusion, Drill & Fill, Sanitizing & Deodorizing, Insulation Removal, Free Estimates",1.00,,1.00,,completed,approved_download,2025-07-24 05:00:32.144865,,2025-07-22 23:37:37.460889
A-1 SECURITY METAL FAB INC,A1SECMF090MG,CONSTRUCTION CONTRACTOR,6123 NE 63RD ST,,VANCOUVER,WA,986611906,(360) 696-2722,"THOMAS, PATRICK JOHN",https://www.columbian.com/news/2010/dec/04/a-1-security-metal-fab-inc/,Fencing,"A-1 Security Metal Fab Inc. is a welding shop specializing in ornamental iron railing, fences, and light metal fabrication.","Ornamental Iron Railing, Fences, Light Metal Fabrication, Aluminum Railing Systems",0.81,0.75,0.90,,completed,approved_download,2025-07-24 05:02:30.797526,,2025-07-22 23:37:37.460889
A-GRADE SEALCOATING,GRADES*821QN,CONSTRUCTION CONTRACTOR,18716 NE 25TH ST,,VANCOUVER,WA,98684,(360) 600-7352,"SHANNON, ROBERT MARTIN",https://agradesealcoating.com,Concrete,"A-Grade Sealcoating offers asphalt sealcoating, paving, and parking lot striping services in Vancouver, WA, ensuring customer satisfaction with every job.","Asphalt Sealcoating, Paving, Parking Lot Striping, Crack Sealing, Pothole Repair, Sign Installation, Asphalt Cleaning, Curb Painting",1.00,,1.00,,completed,approved_download,2025-07-24 05:03:09.205776,,2025-07-22 23:37:37.460889
A1 ASPHALT PAVING INC,A1ASPAP957DC,CONSTRUCTION CONTRACTOR,25210 45th Pl S,,KENT,WA,98032,(253) 630-6676,"GHAG, AMRIK SINGH",https://www.a1asphaltpc.com/,Concrete,"A1 Asphalt Paving Inc provides high-quality asphalt paving services to residents and businesses in Kent, Washington.","Asphalt paving, Driveway paving, Parking lot maintenance, Asphalt repair, Excavation services",0.81,0.75,0.90,,completed,approved_download,2025-07-24 05:04:18.380588,,2025-07-22 23:37:37.591709
A1 SEPTIC ON LOPEZ LLC,A1SEPSL810RJ,CONSTRUCTION CONTRACTOR,6382 FISHERMAN BAY RD,,LOPEZ ISLAND,WA,98261,(360) 622-6354,"KRAMER, JASON DALE",http://www.a1septiconlopez.com/contact-a1.html,Plumbing,A1 Septic on Lopez provides septic system services for residential and commercial properties on Lopez Island and surrounding areas.,"Septic system installation, Septic system pumping, Septic inspections, Outer island work",0.81,0.75,0.90,,completed,approved_download,2025-07-24 05:04:55.550115,,2025-07-22 23:37:37.591709
A1DESIGNBUILD,A1DES**755LZ,CONSTRUCTION CONTRACTOR,3310 Northwest Ave,,BELLINGHAM,WA,98225,(360) 734-5249,"MARTIN, PATRICK JOHN",https://sustainableconnections.org/a1-designbuild/,Home Builder,"A1DesignBuild is a designer and builder of homes in Bellingham and Whatcom County, specializing in home remodels and custom homes with a focus on sustainable practices.","Home Remodeling, Custom Home Building, Sustainable Design, Residential Construction",0.81,0.75,0.90,,completed,approved_download,2025-07-24 05:05:04.567121,,2025-07-22 23:37:37.591709
AAA METAL RAILINGS LLC,AAAMEMR790JK,CONSTRUCTION CONTRACTOR,7015 NE 181st,,Kenmore,WA,98028,(425) 247-9826,"AMAYA, MELANIE STEPHANIE",https://www.procore.com/network/p/aaa-metal-railings-llc-kenmore,Metal Fabrication,"AAA Metal Railings LLC specializes in custom metal railings for various applications including interior, exterior, stairs, and decks.","Custom Metal Railings, Interior Railings, Exterior Railings, Stair Railings, Deck Railings",0.81,0.75,0.90,,completed,approved_download,2025-07-24 05:07:03.391474,,2025-07-22 23:37:37.591709
AAA QUALITY PAINTING LLC,AAAQUQP794L1,CONSTRUCTION CONTRACTOR,14262 Deerfield DR SE,,Monroe,WA,98272,(425) 273-6990,"ARZETA ADAME, JUAN CARLOS",https://aaaqualitypainting.com,Painting,AAA Quality Painting LLC provides top-quality painting services for both residential and commercial properties in the Greater Seattle Area.,"Interior Painting, Exterior Painting, Millwork Painting, Residential Painting, Commercial Painting",1.00,,1.00,,completed,approved_download,2025-07-24 05:07:29.895428,,2025-07-22 23:37:37.591709
AAA SUPERCLEAN INC,AAASUSI915BN,CONSTRUCTION CONTRACTOR,4115 78TH PLACE NE,,MARYSVILLE,WA,98270,(360) 657-2692,"ALEXANDER, ALAN ROSS",https://www.tulaliptero.com/TEROReports/NAOBRegistryTulalipAll,Cleaning,"AAA Superclean Inc is a cleaning service provider in Marysville, WA, offering high-quality solutions for residential and commercial cleaning, including hood cleaning, janitorial services, and remodeling.","Residential cleaning, Commercial cleaning, Hood cleaning, Janitorial services, Carpet cleaning, Landscaping, Remodeling, Construction site clean up",0.81,0.75,0.90,,completed,approved_download,2025-07-24 05:07:54.315937,,2025-07-22 23:37:37.591709
AAAAA HOME REPAIR LLC,AAAAAHR763J3,CONSTRUCTION CONTRACTOR,14975 21ST AVE SW,,BURIEN,WA,98166,(206) 579-6642,"GONZALEZ VARGAS, GUILLERMO A",https://aaaaahomerepair.com,Handyman,"AAAAA Home Repair offers expert home repair and remodeling services, specializing in kitchen and bathroom remodels, flooring, deck, and siding installation.","Kitchen Remodeling, Bathroom Remodeling, Flooring Installation, Deck Installation, Siding Installation",0.90,,0.90,,completed,approved_download,2025-07-24 05:07:58.556722,,2025-07-22 23:37:37.591709
3-D ROOF SYSTEMS LLC,3DROOSL982CJ,CONSTRUCTION CONTRACTOR,PO BOX 330,,LYNNWOOD,WA,980460330,(425) 775-0232,"KATHOL, DUSTIN ROBERT",http://3-droofsystems.com/,Roofing,"3-D Roof Systems LLC provides full service roofing, drainage systems, and architectural design, serving both residential and commercial clients in the Northwest since 1953.","Roof coating application, Roof drainage system design, Annual inspection and cleaning, Consulting and presentations for owner groups, Design of architectural flashing",0.66,0.50,0.90,,completed,pending_review,2025-07-24 04:44:54.890370,,2025-07-22 23:37:37.197793
316 INSULATION LLC,316INIL832PK,CONSTRUCTION CONTRACTOR,Mailing Address,847 Blake St.,ENUMCLAW,WA,98022,(253) 332-7606,"SPIES, KENT DOUGLAS",https://316insulationservices.com/,Insulation,"Family owned and operated insulation company offering solutions for attics, crawls, and spray foam insulation in Auburn, Enumclaw, and surrounding areas.","Attic Insulation, Crawl Space Insulation, Spray Foam Insulation, Insulation Assessments, Insulation Clean Outs, Insulation Repairs",0.70,0.50,1.00,,completed,pending_review,2025-07-24 04:45:05.186101,,2025-07-22 23:37:37.197793
360 BUILDER INC,360BUBI779KE,CONSTRUCTION CONTRACTOR,521 WILCOX LN,,SEQUIM,WA,98382,(360) 670-1630,"LEWIS, JOSEPH ALLEN",https://business.sequimchamber.com/list/ql/home-construction-building-48,Handyman,"360 Builder Inc is a contractor business located in Sequim, WA, known for its professionalism and thoroughness in home repair and construction services.","General Repairs, Home Renovations, Construction Services",0.62,0.50,0.80,,completed,pending_review,2025-07-24 04:45:08.214798,,2025-07-22 23:37:37.197793
360 HOUSE REMODELING LLC,360HOHR762BR,CONSTRUCTION CONTRACTOR,16232 Bothell Everett Hwy,#1188,BOTHELL,WA,98012,(206) 939-8750,"Maxhuni, Arber",https://www.360houseremodeling.com/,Kitchen & Bath,"360 House Remodeling is a bathroom, kitchen, and full home remodeling contractor serving King & Snohomish County (Greater Seattle Area).","Bathroom Remodeling, Kitchen Remodeling, Full Home Remodeling",0.70,0.50,1.00,,completed,pending_review,2025-07-24 04:45:49.003996,,2025-07-22 23:37:37.197793
3RD GENERATION FLOORING INC,3RDGEGF854BF,CONSTRUCTION CONTRACTOR,5130 125th PL SW,,MUKILTEO,WA,98275,(206) 396-3869,"WARNER, BENJAMIN HARRISON",https://www.procore.com/network/p/3rd-generation-flooring-inc-mukilteo,Flooring,"3rd Generation Flooring Inc. is a construction company based in Mukilteo, WA and specializes in Electrical Power Generation.",,0.77,0.75,0.80,,completed,pending_review,2025-07-24 04:46:45.484588,,2025-07-22 23:37:37.197793
4 BROTHERS HOME,4BROTBH785DM,CONSTRUCTION CONTRACTOR,1708 SWEET ST,,TACOMA,WA,98404,(253) 906-0134,"NGUYEN, THANH XUAN",https://www.levelset.com/contractors/4-brothers-home-wa/about/,General Contractor,"4 Brothers Home is a licensed construction contractor based in Tacoma, WA, specializing in home renovation and construction services.",,0.79,0.75,0.85,,completed,pending_review,2025-07-24 04:47:05.453774,,2025-07-22 23:37:37.197793
4 SEASONS ELEC PLBG HTG  & AIR,4SEASSE767O3,CONSTRUCTION CONTRACTOR,2320 135TH ST SE,,MILL CREEK,WA,98012,(425) 595-0520,"FOX, CRYSTAL CHARLENE",https://4seasonssvcs.com/,HVAC,"4 Seasons Electric Plumbing Heating & Air provides exceptional electric, plumbing, heating, and air conditioning services to homeowners in Mill Creek, WA, and surrounding areas.","HVAC Service, HVAC Installations, HVAC Repairs, Plumbing Services, Electrical Services",0.60,0.40,0.90,,completed,pending_review,2025-07-24 04:47:35.237530,,2025-07-22 23:37:37.197793
4 SEASONS ELEC PLBG HTG & AIR,4SEASSE764Q2,ELECTRICAL CONTRACTOR,2320 135TH ST SE,,MILL CREEK,WA,98012,(425) 595-0520,"FOX, CRYSTAL C",https://4seasonssvcs.com/,Electrical,"4 Seasons Electric Plumbing Heating & Air provides exceptional electric, plumbing, heating, and air conditioning services to homeowners in Mill Creek, WA.","HVAC Service, HVAC Installations, HVAC Repairs, Plumbing Services, Electrical Services, Panel Upgrades and Maintenance",0.60,0.40,0.90,,completed,pending_review,2025-07-24 04:47:37.610076,,2025-07-22 23:37:37.197793
4 SEASONS JUNK REMOVAL LLC,4SEASSJ769OR,CONSTRUCTION CONTRACTOR,11107 NE 125 TH LN,F 321,KIRKLAND,WA,98034,(206) 939-9995,"CHERNIKOV, DMITRY",https://4seasonsjunk.com/,Junk Removal,4 Seasons Junk Removal LLC offers fast and affordable junk removal and demolition services in the Seattle Metro area.,"Residential Junk Removal, Commercial Junk Removal, Demolition Services, Cleanouts, Yard Waste Removal",0.70,0.50,1.00,,completed,pending_review,2025-07-24 04:47:46.458025,,2025-07-22 23:37:37.197793
4 SEASONS LANDSCAPING LLC,4SEASSL831OL,CONSTRUCTION CONTRACTOR,7615 NE 122nd Ave,,VANCOUVER,WA,98682,(360) 721-0666,"LOPEZ LOPEZ, SARA MILCA",https://4seasonslandscapingwa.com/,Landscaping,"4 Seasons Landscaping LLC offers comprehensive landscaping services including design, hardscaping, and maintenance in Vancouver, WA, and Portland, OR.","Landscape Design, Hardscaping, Landscape Maintenance",0.70,0.50,1.00,,completed,pending_review,2025-07-24 04:47:49.164723,,2025-07-22 23:37:37.197793
4-J CONSTRUCTION,4JCON**046N2,CONSTRUCTION CONTRACTOR,3020 GRAVELLY BEACH LOOP NW,,OLYMPIA,WA,98502,(360) 951-9387,"O'HARA, JUSTIN",https://fourjconstruction.net/,Decks,"4-J Construction is a licensed construction company specializing in residential and commercial deck installation and remodeling services in Olympia, WA, with a focus on customer satisfaction.","Deck Installation, Deck Remodeling, General Construction, Additions",0.66,0.50,0.90,,completed,pending_review,2025-07-24 04:48:25.887238,,2025-07-22 23:37:37.197793
410 QUARRY LLC,410QUQL761PC,CONSTRUCTION CONTRACTOR,PO BOX 1043,,ENUMCLAW,WA,98022,(253) 329-2694,"EUTENEIER, JILL ARLEEN",https://410landscapesupply.com/,Landscaping,"410 Quarry LLC specializes in delivering landscaping supplies such as bark, crushed rock, and topsoil to enhance the value and aesthetics of residential properties.","Delivery of landscaping supplies, Bark, Crushed rock, Topsoil",0.66,0.50,0.90,,completed,pending_review,2025-07-24 04:48:30.320609,,2025-07-22 23:37:37.197793
4D HOME BUILDERS LLC,4DHOMHB752CL,CONSTRUCTION CONTRACTOR,715 78TH AVE SW,STE5,OLYMPIA,WA,98501,(253) 448-9468,"ROBINSON, MICHAEL W",https://www.spokanevalleyed.org/DocumentCenter/View/2947,Kitchen & Bath,4D Home Builders LLC specializes in bathroom remodeling and custom home construction.,"Bathroom Remodeling, Custom Home Construction",0.62,0.50,0.80,,completed,pending_review,2025-07-24 04:49:02.690207,,2025-07-22 23:37:37.330647
4K ROOFING LLC,4KROORL768J5,CONSTRUCTION CONTRACTOR,2424 S 260TH ST,TRLR 44,KENT,WA,98032,(206) 883-1950,"DOMINGUEZ, JOSEPH JAIME",https://www.4kroofingllc.com/,Roofing,4K Roofing LLC is a family owned and operated company that takes pride in the high quality work that is produced in service of all its customers.,"Roof Repairs, Roof Installation, Residential Roofing, Commercial Roofing",0.70,0.50,1.00,,completed,pending_review,2025-07-24 04:49:14.207398,,2025-07-22 23:37:37.330647
4TH DIMENSION CONSTRUCTION LLC,4THDIDC825OD,CONSTRUCTION CONTRACTOR,715 78th Ave SW,Ste 5,Olympia,WA,98501,(360) 819-8075,"Robinson, Michael Wayne",https://www.4thdimensionconstruction.com/,Kitchen & Bath,"4th Dimension Construction is a family-owned company dedicated to exceptional craftsmanship, reliable service, and lasting relationships, specializing in home remodeling.","Kitchen Remodeling, Bathroom Remodeling, Home Renovations",0.66,0.50,0.90,,completed,pending_review,2025-07-24 04:49:19.282710,,2025-07-22 23:37:37.330647
5 MEN & A MOWER INC,5MENMM*861KM,CONSTRUCTION CONTRACTOR,9027 EVANSTON AVE N,,SEATTLE,WA,98103,(206) 850-0893,"SCOTT, W JAY",https://www.5menandamower.com/,Landscaping,"5 Men & A Mower is a full-service yard maintenance company specializing in year-round upkeep of residential properties, focusing on customer satisfaction and community investment.","Thatching and Aerating, Pressure Washing, Lawn Maintenance, Pruning and Hedging, Ground Cover Installation, Lawn Installation, Yard Clean Ups",0.70,0.50,1.00,,completed,pending_review,2025-07-24 04:49:39.733484,,2025-07-22 23:37:37.330647
5 STAR GARAGE INTERIORS,5STARSG909DT,CONSTRUCTION CONTRACTOR,404 PRIEST POINT DR NW,,TULALIP,WA,98271,(425) 387-2263,"ROMERO, CLARENCE ALLEN",https://5starfloorcoatings.com/,Flooring,"5 Star Garage Interiors specializes in garage organization and flooring, providing high-quality garage floor coatings and polymer flooring services in Western Washington.","Garage floor coatings, Polymer flooring installation, Epoxy flooring, Crack repair, Decorative coatings",0.60,0.40,0.90,,completed,pending_review,2025-07-24 04:49:54.638654,,2025-07-22 23:37:37.330647
5 STAR GUTTERS AND AWNINGS,5STARSG866CK,CONSTRUCTION CONTRACTOR,PO BOX 765,,KELSO,WA,98626,(360) 577-0829,"JOHNSON, EMMETT RAY",https://www.5-starguttersandawnings.com/,Gutters,5-Star Gutters and Awnings specializes in the manufacturing and installation of seamless rain gutter systems for both residential and commercial properties.,"Seamless rain gutter installation, Gutter maintenance and repair, Awning installation",0.70,0.50,1.00,,completed,pending_review,2025-07-24 04:49:51.741273,,2025-07-22 23:37:37.330647
5 STAR WINDOW CLEANING LLC,5STARSW819NT,CONSTRUCTION CONTRACTOR,31600 126TH AVE SE  SPC 117,,AUBURN,WA,98092,(206) 747-1382,"CARMONA HERNANDEZ, PAULINO",https://www.5star-windows.com/,Windows & Doors,"5 Star Window Cleaning LLC offers professional window cleaning services for both residential and commercial properties in Auburn, WA.","Residential window cleaning, Commercial window cleaning, High-rise window washing, Gutter cleaning, Roof cleaning, Pressure washing",0.70,0.50,1.00,,completed,pending_review,2025-07-24 04:50:02.222132,,2025-07-22 23:37:37.330647
5 STARS DRYWALL LLC,5STARSD824DH,CONSTRUCTION CONTRACTOR,3001 S 288TH ST TRLR 78,,FEDERAL WAY,WA,98003,(206) 214-6912,"OSORIO RAMIREZ, KIMBERLY K",https://5starsdrywallllc.com/,Drywall,"5 Stars Drywall LLC is a professional drywall company dedicated to customer satisfaction, offering a range of drywall services including installation, repair, and painting.","Full Drywall Services, Drywall Installation & Repair, Metal Framing, Interior Painting, Exterior Painting, Framing Texturing, Drywall Taping",0.70,0.50,1.00,,completed,pending_review,2025-07-24 04:50:14.271017,,2025-07-22 23:37:37.330647
5 YARD LINE LLC,5YARDYL814RD,CONSTRUCTION CONTRACTOR,8935 Homestead Ave NE,,Lacey,WA,98516,(360) 789-2629,"Biscay, Ryder James",https://business.omb.org/list/ql/excavation-land-clearing-49,Landscaping,"5 Yard Line LLC delivers small loads of sand, gravel, bark, and soil for do-it-yourself projects in Thurston County, WA.","Dump Truck Delivery, Sand Delivery, Gravel Delivery, Bark Delivery, Soil Delivery",0.79,0.75,0.85,,completed,pending_review,2025-07-24 04:50:11.708851,,2025-07-22 23:37:37.330647
519 DESIGN BUILD LLC,519DEDB837KK,CONSTRUCTION CONTRACTOR,136 LAUREL STREET,,WALLA WALLA,WA,99362,(253) 261-5142,"Lachappelle, Nikki Lynn B",https://web.hbatc.com/Remodeling-Contractor/519-Design-Build-LLC-3905,Kitchen & Bath,"519 Design Build LLC specializes in quality new construction and remodeling, particularly focusing on kitchens and baths.","New construction, Kitchen remodeling, Bathroom remodeling",0.66,0.50,0.90,,completed,pending_review,2025-07-24 04:50:21.811636,,2025-07-22 23:37:37.330647
5K ELECTRIC LLC,5KELEEL770MO,ELECTRICAL CONTRACTOR,805 176TH ST S,,SPANAWAY,WA,98387,(253) 507-6306,"KLEMETSON, ROBERT MICHAEL LEE",https://www.5kelectricpnw.com/,Electrical,"5K Electric LLC is a family-owned electrical contractor based in Spanaway, WA, specializing in residential and commercial electrical services, including panel upgrades and Tesla charger installations.","Residential Electrical Services, Commercial Electrical Services, Panel Upgrades, Tesla Charger Installations, Electrical Safety Inspections, Generator Installation and Maintenance",0.66,0.50,0.90,,completed,pending_review,2025-07-24 04:50:38.319461,,2025-07-22 23:37:37.330647
7 BRIDGES CONSTRUCTION LLC,7BRIDBC888QF,CONSTRUCTION CONTRACTOR,22829 FRANKLIN RD,,MOUNT VERNON,WA,98273,(360) 391-3983,"PROUTY, SEAN PAUL",https://7bridgesconstruction.com/,Handyman,"7 Bridges Construction LLC offers a range of construction services including new construction, remodeling, and handyman services in Mount Vernon, WA.","New Construction, Remodeling, Handyman Services, Deck Installation and Repair, Window Installation, Door Repair and Installation",0.79,0.75,0.85,,completed,pending_review,2025-07-24 04:50:55.626256,,2025-07-22 23:37:37.330647
7K CONSTRUCTION & REMODEL LLC,7KCONCR760JZ,CONSTRUCTION CONTRACTOR,3912 125TH ST NW,,GIG HARBOR,WA,98332,(253) 228-4293,"CHETH, KAHL SAVEN",https://7k-construction.com/,Remodeling,"7K Construction & Remodel LLC specializes in expert construction services for custom homes and remodels, focusing on delivering exceptional results.","Design and Planning, Project Management, Construction, Post-Construction Maintenance",0.66,0.50,0.90,,completed,pending_review,2025-07-24 04:51:15.615689,,2025-07-22 23:37:37.330647
A & A APPLIANCE SERVICE INC,APPLI*A881K5,CONSTRUCTION CONTRACTOR,PO BOX 1247,,PORT ANGELES,WA,98362,(360) 457-9875,"WATKINS, ROBERT J",https://allappliancepro.com/washington/port-angeles/appliance-refrigeration-service,Appliance Repair,"A & A Appliance Service Inc provides appliance repair services in Port Angeles, Washington, specializing in various household appliances.","Refrigerator Repair, Freezer Repair, Washing Machine Repair, Dishwasher Repair, Dryer Repair, Oven Repair, Microwave Oven Repair, Stove and Gas Range Repair, Ice Maker Repair",0.66,0.50,0.90,,completed,pending_review,2025-07-24 04:51:44.333337,,2025-07-22 23:37:37.330647
A & A APPLIANCE SERVICE INC,APPLI*A844LC,ELECTRICAL CONTRACTOR,PO BOX 1247,,PORT ANGELES,WA,98362,(360) 457-9875,"WATKINS, ROBERT J",https://allappliancepro.com/washington/port-angeles/appliance-refrigeration-service,Electrical,"A & A Appliance Service Inc specializes in appliance repair services in Port Angeles, WA, offering expertise in various household appliances.","Refrigerator Repair, Washing Machine Repair, Dishwasher Repair, Dryer Repair, Oven Repair, Microwave Oven Repair, Stove and Gas Range Repair, Ice Maker Repair",0.66,0.50,0.90,,completed,pending_review,2025-07-24 04:51:38.204154,,2025-07-22 23:37:37.330647
A & B PLUMBING & DRAIN LLC,BPLUMBP780QM,PLUMBING CONTRACTOR,13610 108TH AVE CT E,,PUYALLUP,WA,98374,(253) 797-7735,"ARMIN, AMAN",https://www.abplumbinganddrain.com/,Plumbing,"A&B Plumbing and Drain LLC is a plumbing contractor based in Puyallup, WA, offering 24/7 emergency plumbing services for both residential and commercial clients.","Emergency Plumbing Services, Drain Cleaning and Repairs, Commercial Plumbing, Residential Plumbing",0.66,0.50,0.90,,completed,pending_review,2025-07-24 04:52:08.970423,,2025-07-22 23:37:37.330647
A & C GLASS,CGLASCG953O3,CONSTRUCTION CONTRACTOR,19628 144th Ave NE SUITE C,,WOODINVILLE,WA,98072,(425) 489-4050,"JAMES, CHRISTINE A",https://aandcglass.com/,Windows & Doors,"A & C Glass is a commercial glass company serving the Puget Sound area in Washington state, specializing in new installations and repairs of glass, storefronts, and building entrances.","New Installations, Replacements, Repairs, Window Leak Repairs, Window Coating",0.70,0.50,1.00,,completed,pending_review,2025-07-24 04:52:15.555595,,2025-07-22 23:37:37.330647
A & E CONTRACTORS LLC,ECONTEC822K2,CONSTRUCTION CONTRACTOR,10019 NE 59TH ST,,VANCOUVER,WA,98662,(360) 784-0251,"PABLO, EDGAR ARTURO",https://www.aesidingspecialists.com/,Siding,"A & E Contractors is a locally owned and operated home improvement company specializing in siding installation, repair, and other exterior home services in Vancouver, WA.","Siding Installation, Siding Repair, Window Installation, Roofing, Painting, Deck Installation, Patio Covers",0.66,0.50,0.90,,completed,pending_review,2025-07-24 04:52:24.382009,,2025-07-22 23:37:37.330647
A & H SEPTIC SYS MATERIALS INC,AHSEPSM090JA,CONSTRUCTION CONTRACTOR,PO BOX 1328,,FALL CITY,WA,98024,(425) 222-5388,"HERNDON, TERRI ANN",https://aandhseptic.com/,Septic Systems,"A&H Septic Systems and Materials, Inc. is a family-owned business specializing in septic system installation and site work, serving the Snoqualmie Valley and King County for over 30 years.","Septic System Installation, Excavation and Site Work, Drain Field Installation, Land Clearing, Utility Trenching",0.70,0.50,1.00,,completed,pending_review,2025-07-24 04:52:50.735202,,2025-07-22 23:37:37.330647
A 2 Z HANDYMAN SERVICE,2ZHAN2Z848L3,CONSTRUCTION CONTRACTOR,P.O. Box 2082,,FERNDALE,WA,98248,(360) 319-8106,"Lade, Timothy Ira",https://a2zhandyman.net/,Handyman,"A2Z Handyman Service is a locally owned and operated business in Ferndale, WA, offering quality handyman work with a focus on affordable pricing and customer satisfaction.","Door Installation, Window Installation, Shower Door Installation, Bathroom Repairs, Interior/Exterior Home Repair, Carpentry",0.70,0.50,1.00,,completed,pending_review,2025-07-24 04:53:54.101078,,2025-07-22 23:37:37.330647
A ADVANCED SEPTIC SERVICES INC,ADVANSS936PA,CONSTRUCTION CONTRACTOR,1602 West Valley Hwy S,,Auburn,WA,98001,(253) 435-9999,"GUNIA, JOERG A",https://aadvancedservices.com/,Septic Services,"A Advanced Septic Services Inc specializes in septic system installation, maintenance, and repair services in Auburn, WA and surrounding areas.","Septic Tank Pumping, Drainfield Services, Drain Cleaning, Electrical Installation and Repair, Civil Construction",0.66,0.50,0.90,,completed,pending_review,2025-07-24 04:54:09.412731,,2025-07-22 23:37:37.330647
A B PLUMBING LLC,BPLUMBP752JS,PLUMBING CONTRACTOR,PO BOX 647,,MCKENNA,WA,98558,(360) 481-5520,"BOSTWICK, ANDREW MICHAEL",http://www.ezwaterheater.com/states/wa/plumbersWA.html,Plumbing,"A B Plumbing LLC is a plumbing contractor based in McKenna, WA, providing various plumbing services.",,0.66,0.50,0.90,,completed,pending_review,2025-07-24 04:54:16.327425,,2025-07-22 23:37:37.330647
A C ELECTRIC SERVICE INC,ACELESI025DF,ELECTRICAL CONTRACTOR,804 W MEEKER ST STE 102,,KENT,WA,98032,(253) 852-0225,"Paquette, Ryan T",https://mschelps.org/gethelp/energy/,Electrical,"A C Electric Service Inc is an electrical contractor based in Kent, WA, providing various electrical services.",,0.66,0.50,0.90,,completed,pending_review,2025-07-24 04:54:57.764008,,2025-07-22 23:37:37.330647
A C PAVING NORTHWEST INC,ACPAVNI990MW,CONSTRUCTION CONTRACTOR,PO BOX 1174,,NORTH BEND,WA,98045,(425) 888-1700,"BORANIAN, ANNA",https://acpavingnorthwest.com/asphalt-wheel-stop-installation/,Concrete,"AC Paving Northwest, Inc. provides asphalt wheel stop installation & repair services to the greater Seattle, WA region, focusing on both residential and commercial clients.","Asphalt Repair, Paving, Patching, Wheel Stop Installation",0.66,0.50,0.90,,completed,pending_review,2025-07-24 04:55:01.279463,,2025-07-22 23:37:37.330647
A CLEAN STREAK,CLEANCS851PA,CONSTRUCTION CONTRACTOR,PO BOX 683,,OAK HARBOR,WA,98277,(360) 395-5748,"TURNER, BRIAN JAMES",https://acleanstreak.com/,Windows & Doors,"A Clean Streak offers expert window cleaning, pressure washing, roof & gutter cleaning in Oak Harbor & Whidbey Island.","Window Cleaning, Pressure Washing, Roof Cleaning, Gutter Cleaning",0.70,0.50,1.00,,completed,pending_review,2025-07-24 04:55:09.592855,,2025-07-22 23:37:37.330647
A G INSULATION LLC,AGINSIL760OC,CONSTRUCTION CONTRACTOR,3598 E J ST,,TACOMA,WA,98404,(253) 355-3963,"ALCAZAR GAMBOA, ERICK ADRIAN",https://aginsulationllc.com/,Insulation,"A G Insulation LLC offers expert insulation services in Tacoma, Washington, with a focus on enhancing energy efficiency and comfort for both residential and commercial clients.","Residential Insulation, Commercial Insulation, Energy Efficiency Upgrades, Duct Repair/Seal, Attic & Crawlspace Clean Out, Vapor Barrier Installation",0.66,0.50,0.90,,completed,pending_review,2025-07-24 04:55:53.333553,,2025-07-22 23:37:37.330647
A GOOD PAINTER LLC,GOODPGP815RJ,CONSTRUCTION CONTRACTOR,"1015 6th St, Suite 105",,ANACORTES,WA,98221,(360) 941-3521,"SYLVIA, GAELAN FRANCIS",https://agoodpainterco.com/,Painting,"A Good Painter LLC is a premier painting company in Anacortes, WA, specializing in both residential and commercial painting services.","Interior Painting, Exterior Painting, Residential Painting, Commercial Painting",0.70,0.50,1.00,,completed,pending_review,2025-07-24 04:55:57.405138,,2025-07-22 23:37:37.330647
A J B LANDSCAPE & FENCE LLC,AJBLALF763MN,CONSTRUCTION CONTRACTOR,9625 CASE RD SW,,OLYMPIA,WA,98512,(360) 789-3707,"COTE, MAEGAN KRISTIN",https://www.ajbservice.com/,Landscaping,"AJB Landscaping & Fence is a family-owned and operated contractor specializing in fencing and landscaping services in the Olympia area, focusing on quality workmanship and customer satisfaction.","Fence Installation, Paver Installation, Retaining Walls, Sod and Turf Installation, Landscaping Services",0.70,0.50,1.00,,completed,pending_review,2025-07-24 04:56:16.505436,,2025-07-22 23:37:37.460889
A J RICHARDSON CONST INC,AJRICCI984OR,CONSTRUCTION CONTRACTOR,3688 Edwards Drive,,GIG HARBOR,WA,98335,(206) 383-5050,"RICHARDSON, ALAN",http://www.aj-richardson.com/,General Contracting,"AJ Richardson Construction, Inc. is a full-service contractor based in Gig Harbor, WA, specializing in project management and construction services throughout the Pacific Northwest.","Project Management, Tenant Improvements, Complete Remodels, Decor Upgrades, Construction Maintenance",0.62,0.50,0.80,,completed,pending_review,2025-07-24 04:56:24.703003,,2025-07-22 23:37:37.460889
A K Custom Fence & Deck LLC,AKCUSFD871NZ,CONSTRUCTION CONTRACTOR,1418 Wood Ave,,Sumner,WA,98390,(253) 250-9882,"WINSTON, KEVIN RICHARD",https://akcustomfenceanddeck.com/,Fencing,"A.K. Custom Fence & Deck has over 30 years of experience in building custom fences and decks in the Greater Puget Sound Area, focusing on quality craftsmanship and customer satisfaction.","Custom Fence Building, Deck Construction, Arbors, Pergolas, Stairs, Deck Covers",0.70,0.50,1.00,,completed,pending_review,2025-07-24 04:56:30.129891,,2025-07-22 23:37:37.460889
A PLEASANT HANDYMAN SERVICE,PLEASPH782RZ,CONSTRUCTION CONTRACTOR,221 SE COWLITZ ROAD,,WINLOCK,WA,98596,(360) 206-7611,"GOMEZ, EVARISTO DANIEL",https://pleasanthandyman.com/,Handyman,"A Pleasant Handyman Service is a full-service handyman business serving homeowners in Winlock and surrounding areas, offering a variety of repair and installation services.","Home repairs, Installations, General maintenance",0.74,0.63,0.90,,completed,pending_review,2025-07-24 04:57:31.722266,,2025-07-22 23:37:37.460889
A PLUS FENCE COMPANY LLC,PLUSFPF800RW,CONSTRUCTION CONTRACTOR,1075 MOUNTAIN VILLA DR,,ENUMCLAW,WA,98022,(253) 200-7131,"PEREZ DE LA CRUZ, LUIS GREGORI",https://aplusfencecompanywa.com/,Fencing,"A Plus Fence Company LLC is a licensed and insured fencing contractor with over 20 years of experience, providing professional fencing solutions for homeowners and businesses in Enumclaw, WA.","Fence Installation, Fence Repair, Fence Staining, Fence Replacement, Fence Removal",0.70,0.50,1.00,,completed,pending_review,2025-07-24 04:57:37.295265,,2025-07-22 23:37:37.460889
A R JOYCE REMODEL INC,RJOYCJR940JR,CONSTRUCTION CONTRACTOR,2922 21ST AVENUE SOUTH,,SEATTLE,WA,98144,(206) 355-8502,"JOYCE, AIMEE R",https://arjoyceremodelinc.com/,Remodeling,"A.R.JOYCE REMODEL, INC. provides high-quality remodeling services, focusing on building lasting relationships with clients through reliable service.","Home Remodeling, Construction Services, Earthquake Retrofitting",0.62,0.50,0.80,,completed,pending_review,2025-07-24 04:57:58.054201,,2025-07-22 23:37:37.460889
A TO Z PLUMBING LLC,ZPLUMZP788NR,PLUMBING CONTRACTOR,2880 aegean ct ne,,Bremerton,WA,98311,(360) 979-8055,"CADY, ALEX KELLEY",https://atozplumbingco.com/,Plumbing,"A to Z Plumbing LLC provides expert plumbing services in Bremerton, WA, specializing in installations, repairs, and water heater services for both residential and commercial clients.","Plumbing Installation, Plumbing Repairs, Water Heater Services, Gas Piping, Bathroom and Kitchen Remodeling",0.66,0.50,0.90,,completed,pending_review,2025-07-24 04:58:56.600322,,2025-07-22 23:37:37.460889
A TO Z STUMP & TREE INC,ZSTUMZS881P5,CONSTRUCTION CONTRACTOR,13933 184TH AVE NE,,WOODINVILLE,WA,98072,(425) 497-8733,"ANDERSON, CHARLES ALBERT",https://atoztrees.com/,Landscaping,"A to Z Stump & Tree is a locally-owned tree care company in the Greater Seattle area, specializing in full-service tree maintenance, expert pruning, difficult tree removal, and stump grinding.","Tree maintenance, Tree removal, Stump grinding, Expert pruning, Wood chip delivery, Tree and shrub planting",0.70,0.50,1.00,,completed,pending_review,2025-07-24 04:59:00.716998,,2025-07-22 23:37:37.460889
A TOTAL TREE SERVICE,TOTALTS921KR,CONSTRUCTION CONTRACTOR,8111 SHOEMAKER RD,,TULALIP,WA,98271,(425) 293-7376,"GOODROW, CHET",https://www.atotaltreeservice.com/,Landscaping,"A locally owned tree service company offering a full range of tree care services including tree removal, pruning, and emergency services.","Tree removal, Tree pruning, Tree shaping, Emergency tree services, Consultations",0.66,0.50,0.90,,completed,pending_review,2025-07-24 04:59:06.434660,,2025-07-22 23:37:37.460889
A VETERAN HANDYMAN LLC,VETERVH789JR,CONSTRUCTION CONTRACTOR,13207 BINGHAM AVE E,,TACOMA,WA,98446,(253) 820-0226,"HOFFMAN, DAMON ANDREW",https://aveteranhandymanllc.com/,Handyman,"A Veteran Handyman LLC specializes in modernizing homes through various renovation and repair services, including kitchen and bath remodels, home additions, and flooring.","Home Renovation, Kitchen and Bath Remodeling, Interior and Exterior Painting, Flooring Installation, Fencing Services",0.66,0.50,0.90,,completed,pending_review,2025-07-24 04:59:11.955247,,2025-07-22 23:37:37.460889
A&A GENERAL CONSTRUCTION,GENERGC783PK,CONSTRUCTION CONTRACTOR,1110 E 52ND ST,,TACOMA,WA,98404,(253) 886-6486,"CASTRO, ALEJANDRA",https://fencecontractortacomawa.com/,Fencing,"NW A&A General Construction is a reliable fence contractor in Tacoma, WA, specializing in fence installation, deck and railing services, as well as garbage clean-up and junk removal.","Fence Installation, Decks and Railings, Garbage Clean Ups, Junk Removal",0.70,0.50,1.00,,completed,pending_review,2025-07-24 05:00:01.120738,,2025-07-22 23:37:37.460889
A&G HANDYMAN LLC,AGHANHL772KT,CONSTRUCTION CONTRACTOR,15523 52ND PL W,,EDMONDS,WA,98026,(425) 244-7576,"LOPEZ MONTIEL, GILBERTO",https://www.aandghandymanllc.com/,Handyman,"A&G Handyman LLC provides a variety of handyman services including painting, appliance installations, and repairs for kitchens and bathrooms.","Bathroom Repairs, Appliance Installations, Interior Painting, Kitchen Repairs, Organizing, Door and Lock Installations, Furniture Assembling",0.66,0.50,0.90,,completed,pending_review,2025-07-24 05:00:26.348380,,2025-07-22 23:37:37.460889
A+ CONSTRUCTION DEBRIS,CONSTCD821QZ,CONSTRUCTION CONTRACTOR,6267 Mt Baker Hwy,,DEMING,WA,98244,(360) 599-1501,"Arnold, Jennifer Lee",https://apluscleanups.com/,Demolition,"A+ Construction Debris specializes in demolition and debris removal services in the Deming, WA area, focusing on both residential and commercial projects.","Debris Removal, Demolition Services, Construction Cleanup, Junk Removal",0.66,0.50,0.90,,completed,pending_review,2025-07-24 05:01:36.420272,,2025-07-22 23:37:37.460889
A+ SEPTIC & PLUMBING SERVICE,ASEPTPS055MM,CONSTRUCTION CONTRACTOR,7225 PACIFIC AVE SE,,OLYMPIA,WA,98503,(360) 491-2900,"GRIMSLEY-LAVERGNE, TERESA R",https://www.aplusplumbing.com/,Plumbing,"A+ Septic & Plumbing Service provides trusted, reliable, and professional plumbing and septic services to homeowners in Olympia, WA, and surrounding areas.","Plumbing, Septic Services, HVAC, Electrical Work",0.70,0.50,1.00,,completed,pending_review,2025-07-24 05:01:45.525508,,2025-07-22 23:37:37.460889
A+ SERVICES,ASERV**771C2,PLUMBING CONTRACTOR,7225 PACIFIC AVE SE,,OLYMPIA,WA,98503,(360) 491-2900,"GRIMSLY, TERESA",https://www.aplusplumbing.com/,Plumbing,"A+ Services provides trusted, reliable, and professional plumbing services along with HVAC, electrical, and septic work to homeowners in Olympia, WA and surrounding areas.","Plumbing, HVAC, Electrical, Septic",0.70,0.50,1.00,,completed,pending_review,2025-07-24 05:01:49.156469,,2025-07-22 23:37:37.460889
A-1 EXTERIOR LLC,1EXTEEL816LJ,CONSTRUCTION CONTRACTOR,2318 S 284TH PL,,FEDERAL WAY,WA,98003,(206) 335-2386,"OLMEDA MENA, SALVADOR",https://www.a1exteriorllc.com/,Painting,A-1 Exterior LLC is a licensed and insured contractor specializing in residential and commercial painting and remodeling services in the Seattle area.,"Exterior Painting, Interior Painting, Complete House Remodel, Bathroom Remodeling, Kitchen Remodeling, Roof Replacement & Repair, Stair Repair, Siding Installation and Replacement, Gutter Installation",0.66,0.50,0.90,,completed,pending_review,2025-07-24 05:01:59.481451,,2025-07-22 23:37:37.460889
A-1 LANDSCAPING & CONST INC,A1LANCI056DP,CONSTRUCTION CONTRACTOR,20607 SR 9 SE,,SNOHOMISH,WA,98296,(425) 402-9900,"IQBAL, NAEEM",https://www.a1land.com/,Landscaping,"A-1 Landscaping and Construction Inc is a flexible, innovative and results-oriented developer of residential and commercial property, specializing in the creation of sports fields, parks, play areas, infrastructure projects, wetlands, and road projects.","Excavation & Underground Utilities, Architectural & Structural Concrete, Landscape & Irrigation",0.66,0.50,0.90,,completed,pending_review,2025-07-24 05:02:09.918754,,2025-07-22 23:37:37.460889
A-1 MOBILE LOCK & KEY INC,A1MOBML926P9,CONSTRUCTION CONTRACTOR,1956 S BURLINGTON BLVD,,BURLINGTON,WA,98233,(360) 293-7736,"OLSON, ANDREW JOHN",https://a1mobilelock.com/contact-us/,Locksmithing,"A-1 Mobile Lock & Key provides a range of locksmith services including lockouts, high security equipment installations, and more, ensuring peace of mind for their customers.","Lockouts, High security equipment installations, Access control, Automotive locksmith services, CCTV installation, Residential and commercial locksmith services, Safe services",0.66,0.50,0.90,,completed,pending_review,2025-07-24 05:02:15.888181,,2025-07-22 23:37:37.460889
A-1 Professional Flooring LLC,1PROFPF833LR,CONSTRUCTION CONTRACTOR,19010 79th Ave Ct. E,,PUYALLUP,WA,98375,(253) 229-2866,"MORALES, VIRIDIANA",https://www.a1professionalflooring.com/,Flooring,"A-1 Professional Flooring LLC is a local, family-owned business in Puyallup, WA, specializing in flooring installation and remodeling services for residential and commercial properties.","Tile Installation, Floor Installation, Floor Replacement, Bathroom Remodeling, Kitchen Remodeling, Home Remodeling",0.70,0.50,1.00,,completed,pending_review,2025-07-24 05:02:20.044081,,2025-07-22 23:37:37.460889
A-ACTION GROUP UTILITIES INC,AACTIGU990OM,CONSTRUCTION CONTRACTOR,620 93rd ave se,,OLYMPIA,WA,98501,(360) 870-4970,"POTTER, BENNETT F",https://www.co.cowlitz.wa.us/1616/Licensed-Septic-Installers,Septic Services,"A-ACTION GROUP UTILITIES INC is a licensed contractor specializing in septic system services, operating in the Olympia, WA area and surrounding counties.","Septic system installation, Septic system maintenance, Septic tank pumping, Septic system inspections",0.66,0.50,0.90,,completed,pending_review,2025-07-24 05:02:38.504730,,2025-07-22 23:37:37.460889
A-ADVANCED SEPTIC SERVICES INC,ADVANSS814MA,ELECTRICAL CONTRACTOR,1602 WEST VALLEY HWY S,,Auburn,WA,98001,(253) 435-9999,"GUNIA, JOSHUA B",https://aadvancedservices.com/,Septic Services,"A Advanced Septic Services Inc specializes in septic tank pumping, drain cleaning, and construction services, providing reliable solutions for residential and commercial septic needs.","Septic Tank Pumping, Drain Cleaning, Drain Field Restoration, Electrical Installation & Repair, Civil Construction & Design",0.60,0.40,0.90,,completed,pending_review,2025-07-24 05:02:47.501936,,2025-07-22 23:37:37.460889
A-BELL EXCAVATING,BELLEE*812PN,CONSTRUCTION CONTRACTOR,PO BOX 815,,GRAHAM,WA,98338,(253) 896-0043,"BURRIS, ADAM EUGENE",https://www.abellsepticpumping.com/contact-us,Septic Services,"A-Bell Excavating Inc. offers professional septic services including installation, pumping, maintenance, and inspection in Puyallup, WA and surrounding areas.","Septic tank installation, Septic tank pumping, Septic system maintenance, Septic system inspection",0.66,0.50,0.90,,completed,pending_review,2025-07-24 05:02:50.528681,,2025-07-22 23:37:37.460889
A-FFIX LLC,AFFIXL*015KS,CONSTRUCTION CONTRACTOR,4040 34TH AVE W,,SEATTLE,WA,98199,(206) 284-6226,"SCHOONMAKER, BRUCE WAYNE",https://www.earthquakeprepared.com/,Earthquake Retrofit,"A-FFIX LLC is Seattle's most experienced earthquake retrofit contractor, specializing in home earthquake retrofit and seismic preparedness since 1999.","Home Earthquake Retrofit, Seismic Preparedness, Automatic Gas Shut-Off Valve Installation, Fastening and Securing Appliances",0.70,0.50,1.00,,completed,pending_review,2025-07-24 05:02:55.138611,,2025-07-22 23:37:37.460889
A-LINE ASPHALT MAINTENANCE INC,ALINEAM933DT,CONSTRUCTION CONTRACTOR,PO BOX 873516,,VANCOUVER,WA,98687,(360) 576-6814,"GETCH, JASON LEE",https://alineasphalt.com/,Concrete,"A-Line Asphalt Maintenance, Inc. is a full-service parking lot maintenance company serving the Portland/Vancouver area since 2004, specializing in asphalt services.","Sealcoating, Crack Sealing, Paving, Asphalt Repair, Signage Installation, Striping & Marking, Wheel Stops, Sweeping",0.70,0.50,1.00,,completed,pending_review,2025-07-24 05:03:06.593090,,2025-07-22 23:37:37.460889
A-QUALITY HEATING & AC LLC,QUALIHA791CQ,CONSTRUCTION CONTRACTOR,16006 73RD Dr SE,,SNOHOMISH,WA,98296,(425) 418-0585,"Zahina, Jared David",https://reviews.birdeye.com/a-quality-heating-and-air-conditioning-llc-166804099607814,HVAC,"A-Quality Heating and Air Conditioning LLC provides professional HVAC services including heating, air conditioning, ventilation, maintenance, installation, and replacement services, with over 40 years of experience in Snohomish County.","Heating installation and repair, Air conditioning installation and repair, Ventilation services, Maintenance services, Replacement services",0.70,0.50,1.00,,completed,pending_review,2025-07-24 05:03:31.864001,,2025-07-22 23:37:37.460889
A-QUICK PRESSURE WASHING LLC,QUICKPW782LL,CONSTRUCTION CONTRACTOR,30837 STATE ROUTE 20,,SEDRO WOOLLEY,WA,98284,(360) 420-9114,"CAVANAUGH, SOFIA BIANCA",https://aquickpressurewashing.com/about/,Cleaning,"A-Quick Pressure Washing LLC is a family-owned pressure washing service dedicated to providing quality and efficient cleaning solutions for homes and businesses in Skagit, Whatcom, Island, and Snohomish County.","Pressure Washing, House Washing, Roof Cleaning, Roof Moss Removal, Gutter Cleaning, Solar Panel Cleaning, Window Cleaning, Concrete Sealing, Gutter Guard Installation, Christmas Light Installation, Commercial Power Washing",0.74,0.63,0.90,,completed,pending_review,2025-07-24 05:03:39.840965,,2025-07-22 23:37:37.460889
A/C ELECTRICAL INC,ACELEEI961JF,ELECTRICAL CONTRACTOR,PO BOX 44465,,TACOMA,WA,98448,(253) 820-8612,"ESCALANTE, ANDREW L",https://www.acelectricalinc.com/contact/,Electrical,"A/C Electrical, Inc. is an electrical contractor based in Tacoma, WA, providing services to both residential and commercial clients in Western Washington.","Electrical installations, Hot tub electrical inspections, Multi-family electrical services, Residential electrical services, Commercial electrical services",0.66,0.50,0.90,,completed,pending_review,2025-07-24 05:04:13.776645,,2025-07-22 23:37:37.591709
A1 GARAGE DOOR SPECIALIST LLC,A1GARGD794QQ,CONSTRUCTION CONTRACTOR,4494 MONKEY HILL RD,,OAK HARBOR,WA,98277,(360) 770-8951,"KERNER, JOHN MICHAEL",https://www.thespringking.net/,Windows & Doors,"A1 Garage Door Specialist LLC offers expert garage door repair, installation, and maintenance services in Oak Harbor, WA, with a focus on residential clients.","Garage Door Installation, Garage Door Repair, Garage Door Opener Installation, Garage Door Spring Replacement, Garage Door Motor Services",0.70,0.50,1.00,,completed,pending_review,2025-07-24 05:04:30.041070,,2025-07-22 23:37:37.591709
A1 GUTTERS LLC,A1GUTGL802DQ,CONSTRUCTION CONTRACTOR,250 Boblett St,,BLAINE,WA,982304002,(360) 332-1633,"Bruneau, Michael Scott",https://a-1gutter.com/,Roofing,"A1 GUTTERS LLC specializes in seamless gutters, gutter repairs, and gutter cleaning services. Family owned and operated since 1989, they provide high-quality services to homeowners in Blaine, WA and surrounding areas.","Seamless Gutter Installation, Gutter Repairs, Gutter Cleaning, Moss Treatment",0.66,0.50,0.90,,completed,pending_review,2025-07-24 05:04:26.547511,,2025-07-22 23:37:37.591709
A1 INTEGRITY INC,A1INTII840NK,CONSTRUCTION CONTRACTOR,2415 E FOURTH PLAIN BLVD,,VANCOUVER,WA,98661,(360) 254-3554,"THOMAS, DYLAN JOHN",https://window-cleaning-services.cmac.ws/a1-integrity-window-cleaning/2180/,Windows & Doors,"A1 Integrity is a family-owned window cleaning company serving the Vancouver/Portland Metro area, offering various services including roof moss removal and solar panel cleaning.","Window Cleaning, Roof Moss Removal, Solar Panel Cleaning, Holiday Light Installation",0.66,0.50,0.90,,completed,pending_review,2025-07-24 05:04:34.647207,,2025-07-22 23:37:37.591709
A2Z CONSTRUCTION SERVICES LLC,A2ZCOCS811QO,CONSTRUCTION CONTRACTOR,1318 CHESTNUT ST,APT A,EVERETT,WA,98201,(425) 286-5544,"GONZALEZ CHAVEZ, SALVADOR",https://a2zconstructionservicesllc.com/,Kitchen & Bath,"A2Z Construction Services LLC offers expert remodeling and construction services in Everett, WA, specializing in kitchen and bathroom renovations, drywall, flooring, and painting.","Kitchen Remodeling, Bathroom Remodeling, Drywall Installation, Flooring Installation, Painting",0.70,0.50,1.00,,completed,pending_review,2025-07-24 05:05:00.717742,,2025-07-22 23:37:37.591709
AA ASPHALTING LLC,AAASPI*223DF,CONSTRUCTION CONTRACTOR,14720 Puyallup ST,,SUMNER,WA,98390,(253) 939-0214,"JEWETT, JEFFREY R",https://www.aaasphalting.com/,Concrete,"AA Asphalting provides expert asphalt and concrete restoration, paving, and specialty services for cities, municipalities, utilities, commercial businesses, and residential clients.","Asphalt Restoration, Concrete Restoration, Paving Services, Specialty Services",0.70,0.50,1.00,,completed,pending_review,2025-07-24 05:05:18.171443,,2025-07-22 23:37:37.591709
AA DECON,AADECD*784OL,CONSTRUCTION CONTRACTOR,1331 MEADOR AVE SUITE J-105,,Bellingham,WA,98229,(360) 230-8337,"TILL, RODNEY EDWARD",https://aadeconwa.com/,Remediation,"AA Decon is a Washington State Department of Health certified contractor specializing in the cleanup of clandestine drug labs, including methamphetamine and fentanyl contamination, as well as asbestos surveys and mold remediation.","Clandestine Drug Lab Cleanup, Asbestos Surveys and Abatement, Mold Testing and Remediation",0.66,0.50,0.90,,completed,pending_review,2025-07-24 05:05:27.349968,,2025-07-22 23:37:37.591709
AA ELECTRIC CO INC,AAELEEC913R9,ELECTRICAL CONTRACTOR,PO BOX 1034,,OAK HARBOR,WA,98277,(360) 675-2203,"MCANINCH, BENJAMIN G",https://aaelectricoakharbor.com/,Electrical,"AA Electric Co. Inc. in Oak Harbor specializes in residential and commercial electrical services, including repairs and installations.","Electrical repair, Wiring fixes, Smart home installations, Emergency electrical services",0.70,0.50,1.00,,completed,pending_review,2025-07-24 05:05:30.374391,,2025-07-22 23:37:37.591709
AA PATIO COVERS LLC,AAPATPC921MP,CONSTRUCTION CONTRACTOR,PO Box 731805,,PUYALLUP,WA,98373,(253) 840-3383,"HOSIER, CHADWICK OWEN",https://aapatiocovers.com/,Windows & Doors,"AA Patio Covers LLC specializes in selling and installing quality aluminum patio covers throughout the Pacific Northwest, offering various styles to fit different budgets and needs.","Aluminum Patio Covers, Polycarbonate Panel Covers, Pergola Systems, Free Estimates",0.70,0.50,1.00,,completed,pending_review,2025-07-24 05:05:47.871083,,2025-07-22 23:37:37.591709
AA WINDOW & GUTTER CLEANING,AAWINWG962DB,CONSTRUCTION CONTRACTOR,11020 120th Ave NE,,KIRKLAND,WA,98033,(425) 821-3814,"VANDENBRINK, BRETT ALAN",https://aawindowgutter.com/kirkland-gutter-cleaning,Windows & Doors,"AA Window & Gutter Cleaning provides professional window, gutter, roof, and driveway cleaning services in the Seattle and Portland areas, with a satisfaction guarantee and free estimates.","Window Cleaning, Gutter Cleaning, Roof Cleaning, Driveway Cleaning, Solar Panel Cleaning, Recurring Maintenance",0.70,0.50,1.00,,completed,pending_review,2025-07-24 05:06:03.884673,,2025-07-22 23:37:37.591709
AAA 1,AAA1***067QC,CONSTRUCTION CONTRACTOR,1816 286TH ST E,,ROY,WA,985809597,(253) 377-3800,"SONNENBERG, DEREK VON",https://aaa1roofing.com/,Roofing,"AAA #1 Roofing provides residential and commercial roofing services in and around Pierce County, WA, with a focus on quality workmanship and customer satisfaction.","Roof Maintenance, Free Roof Inspections, Leak Detection, Gutter Cleaning, Moss Removal, Waterproofing, Emergency Tarps, Roof Repairs, Roof Replacement, Chimney Repair",0.70,0.50,1.00,,completed,pending_review,2025-07-24 05:06:15.077804,,2025-07-22 23:37:37.591709
AAA ASPHALT PAVING 1 INC,AAAASAP837BF,CONSTRUCTION CONTRACTOR,24429 106th Ave SE,,KENT,WA,98030,(253) 854-0179,"Singh, Amarjit",https://www.asphaltandpavingwa.com/,Concrete,"AAA Asphalt Paving 1 Inc. is a family-owned and operated business providing asphalt paving services in Kent, WA, and the Greater Seattle metro area for over 25 years.","Asphalt Paving, Residential Driveways, Commercial Parking Lots, Complete Site Work, Clearing, Grading, Sight Development, Storm Drainage, Seal Coating, Pavement Markings",0.70,0.50,1.00,,completed,pending_review,2025-07-24 05:06:11.049714,,2025-07-22 23:37:37.591709
AAA FIRE PROTECTION INC,AAAFIFP777PZ,PLUMBING CONTRACTOR,3013 3RD AVE N,,SEATTLE,WA,981091609,(206) 284-1721,"Krinbring, Mary",https://www.aaafire.com/contact/,Plumbing,"AAA Fire Protection is a recognized industry leader providing exceptional fire protection services including testing, inspection, maintenance, and installation.","Fire protection services, Testing and inspection, Maintenance, Installation",0.66,0.50,0.90,,completed,pending_review,2025-07-24 05:06:27.157460,,2025-07-22 23:37:37.591709
AAA FIRE PROTECTION INC,AAAFIFP841N3,ELECTRICAL CONTRACTOR,3013 3RD AVE N,,SEATTLE,WA,98109,(206) 284-1721,"KRINBRING, BRIAN A",https://www.aaafire.com/contact/,Electrical,"AAA Fire Protection is a recognized industry leader providing exceptional fire protection services including testing, inspection, maintenance, and installation.","Fire protection system installation, Fire alarm testing and inspection, Fire suppression system maintenance",0.66,0.50,0.90,,completed,pending_review,2025-07-24 05:06:40.049199,,2025-07-22 23:37:37.591709
AAA FIRE PROTECTION INC,AAAFIFP844PS,CONSTRUCTION CONTRACTOR,3013 3RD AVE N,,SEATTLE,WA,981091609,(206) 284-1721,"KRINBRING, BRIAN ARTHUR",https://www.aaafire.com/contact/,Fire Protection,"AAA Fire Protection is a recognized industry leader providing exceptional fire protection services including testing, inspection, maintenance, and installation.","Fire protection services, Testing and inspection, Maintenance, Installation",0.66,0.50,0.90,,completed,pending_review,2025-07-24 05:06:43.331870,,2025-07-22 23:37:37.591709
AAA FLOORING & MORE LLC,AAAFLFM828CE,CONSTRUCTION CONTRACTOR,17461 147TH ST SE STE 13A,,MONROE,WA,98272,(425) 595-0381,"KURILCHENKO, EDUARD S",https://aaaflooringandmore.com/,Flooring,"AAA Flooring & More LLC specializes in flooring and countertop installation, offering a wide range of products and services to transform residential spaces.","Flooring Installation, Countertop Installation, Tile Installation",0.70,0.50,1.00,,completed,pending_review,2025-07-24 05:06:40.078801,,2025-07-22 23:37:37.591709
AAA KARTAK CO,AAAKAKC832JL,CONSTRUCTION CONTRACTOR,2720 34th St,,Everett,WA,98201,(425) 438-8000,"KARTAK, CAMERON DAVID",https://www.procore.com/network/p/aaa-kartak-storefronts-and-glazing-everett,Windows & Doors,"AAA Kartak Glass & Closet is a family-owned and operated construction contractor specializing in frameless shower doors, designer closet organizers, and residential glass and mirrors.","Frameless Shower Doors, Designer Closet Organizers, Residential Glass & Mirrors, Commercial Storefronts & Glazing",0.66,0.50,0.90,,completed,pending_review,2025-07-24 05:07:00.373259,,2025-07-22 23:37:37.591709
AAA PUMP & WELL DRILLING,AAAPUPW784R7,PLUMBING CONTRACTOR,P O BOX 296,,MONROE,WA,982720296,(425) 239-8769,"Herman, Leonard M",https://www.aaawater.com/,Plumbing,"AAA Pump & Well Drilling specializes in well drilling, water pump services, and water purification systems, serving Snohomish and King County since 1960.","Well Drilling, Water Pump Installation and Repair, Water Purification Systems, Well Rehabilitation, Water Quality Testing",0.66,0.50,0.90,,completed,pending_review,2025-07-24 05:07:18.893702,,2025-07-22 23:37:37.591709
AAA PUMP & WELL DRILLING,AAAPUPW78497,ELECTRICAL CONTRACTOR,P O BOX 296,,MONROE,WA,982720296,(425) 239-8769,"Herman, Leonard M",https://www.aaawater.com/,Well Drilling,"AAA Pump & Well Drilling specializes in well drilling, water pump services, and water purification, serving Snohomish and King County since 1960.","Well Drilling, Water Pump Installation and Repair, Water Purification and Treatment, Well Rehabilitation, Water Quality Testing",0.66,0.50,0.90,,completed,pending_review,2025-07-24 05:07:23.217789,,2025-07-22 23:37:37.591709
AAA RAIN GUTTERS LLC,AAARARG762DK,CONSTRUCTION CONTRACTOR,3800 Bridgeport Way,#A446,UNIVERSITY PLACE,WA,98466,(253) 227-6081,"CORREA, BRYSON JOSEPH KEAHI",https://www.aaaraingutter.com/,Roofing,"AAA Rain Gutters, LLC provides professional gutter installation, repair, and cleaning services in University Place, WA, with a focus on customer satisfaction and quality workmanship.","Gutter Installation, Gutter Repair, Gutter Cleaning, Gutter Protection",0.70,0.50,1.00,,completed,pending_review,2025-07-24 05:07:26.188308,,2025-07-22 23:37:37.591709
AAA ROOFING SERVICES LLC,AAARORS859MG,CONSTRUCTION CONTRACTOR,11410 NE 124TH ST,,KIRKLAND,WA,98034,(425) 443-1275,"TELES, JOAO LUIZ",https://aaaroofingservices.com/,Roofing,"AAA Roofing Services LLC offers a full range of roofing services for both residential and commercial clients, including maintenance, repair, and installation of various roofing systems.","Roof installation, Roof repair, Emergency roofing services, Chimney sweeping, Roof maintenance",0.70,0.50,1.00,,completed,pending_review,2025-07-24 05:07:37.809246,,2025-07-22 23:37:37.591709
AAA SEPTIC LLC,AAASESL777JL,CONSTRUCTION CONTRACTOR,PO Box 1460,,SHELTON,WA,98584,(360) 427-6110,"WEILAND, NATHAN MICHAEL",https://aaasepticshelton.com/,Plumbing,"AAA Septic LLC provides expert septic pumping, repairs, and portable toilet rentals across multiple counties in Western Washington.","Septic tank pumping, O&M inspections, Repairs, Riser installation, Line camera inspection, Jetting, RV & holding tank pumping, Portable toilet rentals",0.70,0.50,1.00,,completed,pending_review,2025-07-24 05:07:43.906978,,2025-07-22 23:37:37.591709
AAA SEPTIC SERVICE LLC,AAASESS933D3,CONSTRUCTION CONTRACTOR,PO BOX 1615,,BATTLE GROUND,WA,98604,(360) 687-8960,"MATTOX, ZACHERY DANIEL M",https://www.co.cowlitz.wa.us/1617/Licensed-Septic-Tank-Pumpers,Plumbing,"AAA Septic Service provides professional septic system services in the Battle Ground and Vancouver area, ensuring the job is done right at the best price.","Septic tank pumping, Septic system maintenance, Septic system installation",0.66,0.50,0.90,,completed,pending_review,2025-07-24 05:07:40.221894,,2025-07-22 23:37:37.591709
